Assessment_Date,Address,Building_Alarm_System,Building_Sprinklered,Fire_Extinguishers,LatLong,Latitude,Longitude
2023-09-06,155 Dunlop St W,Yes,Yes,Yes,"(44.3858466, -79.6975739)",44.3858466,-79.6975739
2023-09-10,155 Dunlop st w,Yes,Yes,Yes,"(44.3858466, -79.6975739)",44.3858466,-79.6975739
2023-09-20,201 Hurst,No,No,No,"(32.540519700000004, -97.29873164942643)",32.540519700000004,-97.29873164942643
2023-10-05,15 cedar point drive ,Yes,No,Yes,"(40.68521945, -73.28869800069558)",40.68521945,-73.28869800069558
2023-10-05,15 cedar point drive,Yes,No,No,"(40.68521945, -73.28869800069558)",40.68521945,-73.28869800069558
2023-10-05,287 tiffin st ,Yes,Yes,Yes,"(44.3703772, -79.7087611)",44.3703772,-79.7087611
2023-10-05,411 Bayfield Street,No,No,Yes,"(44.409284, -79.7056111)",44.409284,-79.7056111
2023-10-10,132 Commerce Park Drive,Yes,Yes,No,"(44.3237692, -79.6929835)",44.3237692,-79.6929835
2023-10-11,34 cedar point drive,No,No,Yes,"(40.6857408, -73.2894839529028)",40.6857408,-73.2894839529028
2023-10-11,34 Cedar Point Drive,No,No,Yes,"(40.6857408, -73.2894839529028)",40.6857408,-73.2894839529028
2023-10-11,130 bellfarm rd,Yes,Yes,Yes,"(53.9769374, -1.0687646)",53.9769374,-1.0687646
2023-10-12,106 sanders,No,Yes,No,"(42.629403100000005, -71.33948559999999)",42.629403100000005,-71.33948559999999
2023-10-12,106 Saunders ,No,Yes,Yes,"(52.4201595, -1.5200298208695657)",52.4201595,-1.5200298208695657
2023-10-12,64 Cedar Point Dr. ,No,No,No,"(32.462013188194575, -80.63030519724461)",32.462013188194575,-80.63030519724461
2023-10-13,431 Huronia,No,No,Yes,"(44.3507158, -79.663906)",44.3507158,-79.663906
2023-10-13,431 huronia ,No,No,Yes,"(44.3507158, -79.663906)",44.3507158,-79.663906
2023-10-13,431 huronia rd,No,No,Yes,"(44.3507158, -79.663906)",44.3507158,-79.663906
2023-10-13,132 Commerce Park,No,Yes,Yes,"(41.686789881945664, -70.01571346217631)",41.686789881945664,-70.01571346217631
2023-10-13,411 Bayfield st,No,Yes,Yes,"(44.4097443, -79.7072901)",44.4097443,-79.7072901
2023-10-16,241 Essa,No,No,Yes,"(44.2703585, -79.7220819)",44.2703585,-79.7220819
2023-10-16,132 commerce park drive ,Yes,Yes,Yes,"(44.3237692, -79.6929835)",44.3237692,-79.6929835
2023-10-17,353 Anne street north,No,No,No,"(44.4025393, -79.7215537)",44.4025393,-79.7215537
2023-10-18,241 Essa Rd,No,No,Yes,"(44.35754265132782, -79.6985025762731)",44.35754265132782,-79.6985025762731
2023-10-17,241 Essa rd,No,No,No,"(44.35754265132782, -79.6985025762731)",44.35754265132782,-79.6985025762731
2023-10-17,241 Essa rd ,No,No,No,"(44.35754265132782, -79.6985025762731)",44.35754265132782,-79.6985025762731
2023-10-17,33 alliance blvd,No,Yes,No,"(44.4088922, -79.6830527)",44.4088922,-79.6830527
2023-10-18,411 Bayfield street,No,Yes,Yes,"(44.409284, -79.7056111)",44.409284,-79.7056111
2023-10-18,231 Essa rd,Yes,No,Yes,"(44.357876072641886, -79.69835054381193)",44.357876072641886,-79.69835054381193
2023-10-19,132 commerce park drive ,Yes,Yes,Yes,"(44.3237692, -79.6929835)",44.3237692,-79.6929835
2023-10-20,411 Bayfield st,No,Yes,Yes,"(44.4097443, -79.7072901)",44.4097443,-79.7072901
2023-10-24,142 Commerce Park Rd.,No,Yes,Yes,"(41.73567212720396, -70.02925545815137)",41.73567212720396,-70.02925545815137
2023-10-26,132 Commerce Park Drive,No,Yes,Yes,"(44.3237692, -79.6929835)",44.3237692,-79.6929835
2023-10-27,132 Commerce Park Drive,No,Yes,Yes,"(44.3237692, -79.6929835)",44.3237692,-79.6929835
2023-10-30,241 Essa road ,No,No,Yes,"(44.35754265132782, -79.6985025762731)",44.35754265132782,-79.6985025762731
2023-10-30,241 essa road ,No,No,Yes,"(44.35754265132782, -79.6985025762731)",44.35754265132782,-79.6985025762731
2023-10-31,411 bayfield,No,Yes,Yes,"(44.409284, -79.7056111)",44.409284,-79.7056111
2023-11-06,42 Cedar Point Drive,No,No,Yes,"(40.686131950000004, -73.28958573965053)",40.686131950000004,-73.28958573965053
2023-11-06,44 Cedar Point Drive,No,No,Yes,"(42.57419675, -88.526537)",42.57419675,-88.526537
2023-11-07,34 Cedar Pointe Dr. ,Yes,No,Yes,"(44.38108068757255, -79.71273736661165)",44.38108068757255,-79.71273736661165
2023-11-07,279 Yonge Street ,Yes,No,Yes,"(44.7506641, -79.8733767)",44.7506641,-79.8733767
2023-11-07,580 Bayfield ,Yes,No,Yes,"(44.4162218, -79.716091)",44.4162218,-79.716091
2023-11-07,580 Bayfield ,No,No,Yes,"(44.4162218, -79.716091)",44.4162218,-79.716091
2023-11-07,580 bayfield,No,No,Yes,"(44.4162218, -79.716091)",44.4162218,-79.716091
2023-11-09,44 Cedar Point Drive,No,No,Yes,"(42.57419675, -88.526537)",42.57419675,-88.526537
2023-11-09,44 Cedar Pointe Drive,No,No,Yes,"(44.38198512432457, -79.71239792728345)",44.38198512432457,-79.71239792728345
2023-11-09,44 Cedar Pointe Drive ,No,No,Yes,"(44.38198512432457, -79.71239792728345)",44.38198512432457,-79.71239792728345
2023-11-09,24 Cedar Pointe Drive,No,No,Yes,"(44.38049449988475, -79.71349628856912)",44.38049449988475,-79.71349628856912
2023-11-11,431 Huronia,No,No,No,"(44.3507158, -79.663906)",44.3507158,-79.663906
2023-11-10,431 Huronia Rd,No,No,No,"(44.3507158, -79.663906)",44.3507158,-79.663906
2023-11-10,494 veterans ,No,Yes,Yes,"(6.2729938, 124.7993338)",6.2729938,124.7993338
2023-11-13,289 young street,Yes,Yes,Yes,"(44.145519, -79.8931064)",44.145519,-79.8931064
2023-11-13,279 Yonge st.,No,No,Yes,"(44.7506641, -79.8733767)",44.7506641,-79.8733767
2023-11-13,279 Yonge St.,No,No,Yes,"(44.7506641, -79.8733767)",44.7506641,-79.8733767
2023-11-13,353 Duckworth,No,No,No,"(44.4073161, -79.67369357633466)",44.4073161,-79.67369357633466
2023-11-13,353 Duckworth ,No,No,No,"(44.4073161, -79.67369357633466)",44.4073161,-79.67369357633466
2023-11-15,26 Lennox st,No,No,Yes,"(-33.749021, 151.160498)",-33.749021,151.160498
2023-11-15,26 Lennox dr,No,No,Yes,"(53.6685114, -1.5321776551316337)",53.6685114,-1.5321776551316337
2023-11-15,46 Lennox ,No,No,Yes,"(33.9419297, -118.3679681)",33.9419297,-118.3679681
2023-11-15,39 Lennox dr,No,No,Yes,"(53.667883700000004, -1.5332620554726408)",53.667883700000004,-1.5332620554726408
2023-11-15,"15 Cedar Pointe Dr Barrie, On L4N 5R7",No,No,Yes,"(44.3817118, -79.7123219)",44.3817118,-79.7123219
2023-11-15,40 Lennox drive,No,No,Yes,"(53.668193450000004, -1.5333533500000038)",53.668193450000004,-1.5333533500000038
2023-11-15,29 Lennox dr ,No,No,Yes,"(53.6681416, -1.5325941999999988)",53.6681416,-1.5325941999999988
2023-11-16,410 Essa,No,No,Yes,"(44.2896116, -79.8965865)",44.2896116,-79.8965865
2023-11-16,181 Livingston ,Yes,No,Yes,"(55.9018511, -3.5512745)",55.9018511,-3.5512745
2023-11-16,181 Livingston ,No,No,Yes,"(55.9018511, -3.5512745)",55.9018511,-3.5512745
2023-11-15,181 Livingston ,No,No,Yes,"(55.9018511, -3.5512745)",55.9018511,-3.5512745
2023-11-23,34 cedar pointe dr,No,No,Yes,"(44.38108068757255, -79.71273736661165)",44.38108068757255,-79.71273736661165
2023-11-23,74 cedar pointe,No,No,Yes,"(44.383128299999996, -79.71252646889147)",44.383128299999996,-79.71252646889147
2023-11-23,15 cedar pointe,No,No,No,"(38.73228905, -90.90385831836795)",38.73228905,-90.90385831836795
2023-11-23,15 Cedar Pointe Dr,No,No,No,"(48.365536, -114.1817436)",48.365536,-114.1817436
2023-11-23,494 veterans dr,No,No,No,"(37.87103014234754, -85.96729567841213)",37.87103014234754,-85.96729567841213
2023-11-23,494 Dunlop st,No,No,No,"(34.17442978223564, -79.40569108346776)",34.17442978223564,-79.40569108346776
2023-11-23,225 ferndale south,No,No,No,"(44.35461612919486, -79.71450345517142)",44.35461612919486,-79.71450345517142
2023-11-23,15 cedar point dr,No,No,No,"(40.68521945, -73.28869800069558)",40.68521945,-73.28869800069558
2023-11-23,34 cedar point,No,No,Yes,"(32.3524842985553, -80.84974657321644)",32.3524842985553,-80.84974657321644
2023-11-23,74 cedar point ,No,No,Yes,"(32.35412807512803, -80.8490827264268)",32.35412807512803,-80.8490827264268
2023-11-16,106 Sauders,No,Yes,Yes,"(36.89149061534422, -78.55035732121627)",36.89149061534422,-78.55035732121627
2023-11-28,110 Saunders rd,No,Yes,Yes,"(44.332515, -79.68297710867381)",44.332515,-79.68297710867381
2023-12-01,110 Saunders,No,Yes,Yes,"(43.5608917, -73.4081541)",43.5608917,-73.4081541
2023-12-06,33 alliance blvd,Yes,Yes,Yes,"(44.4088922, -79.6830527)",44.4088922,-79.6830527
2023-12-08,110 Saunders Road,No,Yes,Yes,"(44.332515, -79.68297710867381)",44.332515,-79.68297710867381
2023-12-11,178 Grove Street,No,No,No,"(41.2018473, -73.7248771)",41.2018473,-73.7248771
2023-12-12,241 Essa rd,No,No,No,"(44.35754265132782, -79.6985025762731)",44.35754265132782,-79.6985025762731
2023-12-12,411 bayfield,Yes,Yes,Yes,"(44.409284, -79.7056111)",44.409284,-79.7056111
2023-12-12,411 bayfield,No,Yes,Yes,"(44.409284, -79.7056111)",44.409284,-79.7056111
2023-12-12,132 Commerce Park Drive,No,No,No,"(44.3237692, -79.6929835)",44.3237692,-79.6929835
2023-12-12,132 Commerce Park Drive ,No,No,No,"(44.3237692, -79.6929835)",44.3237692,-79.6929835
2023-12-14,279 Yonge st,No,No,Yes,"(44.7506641, -79.8733767)",44.7506641,-79.8733767
2023-12-14,450 Bayfield st,Yes,Yes,Yes,"(44.409786249999996, -79.71153317129007)",44.409786249999996,-79.71153317129007
2023-12-16,411 Bayfield Street,Yes,Yes,Yes,"(44.409284, -79.7056111)",44.409284,-79.7056111
2023-12-16,231 Essa road,No,No,No,"(44.357876072641886, -79.69835054381193)",44.357876072641886,-79.69835054381193
2023-12-16,241 Essa road,No,No,No,"(44.35754265132782, -79.6985025762731)",44.35754265132782,-79.6985025762731
2023-12-12,102 Commerce Park Drive,No,Yes,Yes,"(44.324222500000005, -79.68801815290107)",44.324222500000005,-79.68801815290107
2023-12-12,142 Commerce Park Drive,No,Yes,Yes,"(44.3236908, -79.6933354)",44.3236908,-79.6933354
2023-12-18,132 Commerce Park,No,No,No,"(41.686789881945664, -70.01571346217631)",41.686789881945664,-70.01571346217631
2023-12-20,660 bay view dr,No,Yes,Yes,"(41.67078608025731, -86.10295128146696)",41.67078608025731,-86.10295128146696
2023-12-20,660 bay view drive,Yes,Yes,Yes,"(41.67078608025731, -86.10295128146696)",41.67078608025731,-86.10295128146696
2023-12-20,563 Essa Rd.,No,No,Yes,"(44.336224587758196, -79.71069590845501)",44.336224587758196,-79.71069590845501
2023-12-20,98 Dunlop st ,Yes,No,Yes,"(-33.7802589, 151.0631379)",-33.7802589,151.0631379
2023-12-20,104 Dunlop ,Yes,No,Yes,"(37.2699415, -77.40128257971303)",37.2699415,-77.40128257971303
2023-12-20,106 Dunlop east,No,No,Yes,"(44.38942065384615, -79.68634580384615)",44.38942065384615,-79.68634580384615
2023-12-21,12 Fairview dr ,Yes,No,Yes,"(10.716996, -61.499576)",10.716996,-61.499576
2023-12-21,12 Fairview ,Yes,No,Yes,"(53.363346050000004, -6.235724041595443)",53.363346050000004,-6.235724041595443
2023-12-21,28 curry,No,Yes,Yes,"(46.501761, -80.4236213)",46.501761,-80.4236213
2023-12-22,132 Commerce Park dr,No,No,No,"(44.3237692, -79.6929835)",44.3237692,-79.6929835
2023-12-22,279 Yonge street,No,No,Yes,"(44.7506641, -79.8733767)",44.7506641,-79.8733767
2023-12-22,279 Yonge street,No,No,No,"(44.7506641, -79.8733767)",44.7506641,-79.8733767
2023-12-23,35 Dunlop Street ,No,No,Yes,"(-33.7785613, 151.06846075515355)",-33.7785613,151.06846075515355
2023-12-27,580 Bayfield street,No,No,No,"(44.4162218, -79.716091)",44.4162218,-79.716091
2023-12-27,580 Bayfield street ,No,No,No,"(44.4162218, -79.716091)",44.4162218,-79.716091
2023-12-27,477 Grove Street ,No,No,Yes,"(40.8376972, -74.1954664)",40.8376972,-74.1954664
2023-12-28,431 huronia road,No,No,No,"(44.3507158, -79.663906)",44.3507158,-79.663906
2023-12-27,411 Bayfield Street ,Yes,Yes,Yes,"(44.409284, -79.7056111)",44.409284,-79.7056111
2023-12-28,411 Bayfield Street ,No,No,No,"(44.409284, -79.7056111)",44.409284,-79.7056111
2023-12-28,411 Bayfield Street,No,No,No,"(44.409284, -79.7056111)",44.409284,-79.7056111
2024-01-03,54 maple,No,No,Yes,"(53.1666302, -1.0614626705696244)",53.1666302,-1.0614626705696244
2024-01-03,18 mulcaster,No,No,Yes,"(49.1830708, -2.1072697)",49.1830708,-2.1072697
2024-01-03,140 Dunlop street east ,Yes,Yes,Yes,"(44.3894956, -79.6847381)",44.3894956,-79.6847381
2023-12-23,44 Cedar Point Drive,No,No,No,"(42.57419675, -88.526537)",42.57419675,-88.526537
2024-01-04,44 Cedar Point Drive,No,No,No,"(42.57419675, -88.526537)",42.57419675,-88.526537
2024-01-04,30 Morrow Rd. ,No,No,Yes,"(44.390082325994044, -75.97604642715487)",44.390082325994044,-75.97604642715487
2024-01-04,88 Dunlop st east,Yes,No,Yes,"(44.38941186153846, -79.68690806153846)",44.38941186153846,-79.68690806153846
2024-01-04,55 Dunlop st east,Yes,No,Yes,"(44.38916893103449, -79.6886059724138)",44.38916893103449,-79.6886059724138
2024-01-05,110 Saunders Road,No,Yes,Yes,"(44.332515, -79.68297710867381)",44.332515,-79.68297710867381
2024-01-05,110 Saunders Road,No,No,No,"(44.332515, -79.68297710867381)",44.332515,-79.68297710867381
2024-01-08,431 Huronia rd ,No,No,Yes,"(44.3507158, -79.663906)",44.3507158,-79.663906
2024-01-08,74 Cedar Point Drive,No,No,Yes,"(40.687778449999996, -73.28996169634226)",40.687778449999996,-73.28996169634226
2024-01-08,74 Cedar Point ,No,No,Yes,"(32.35412807512803, -80.8490827264268)",32.35412807512803,-80.8490827264268
2024-01-11,431 Yonge St.,No,No,Yes,"(44.7478557, -79.8798469)",44.7478557,-79.8798469
2024-01-12,40 morrow rd,No,No,Yes,"(44.390047275057476, -75.97660917291192)",44.390047275057476,-75.97660917291192
2024-01-12,28 Currie Street,No,Yes,No,"(-45.8183594, 170.6205382)",-45.8183594,170.6205382
2024-01-12,461 big bay point rd,Yes,Yes,Yes,"(44.39427793939394, -79.53953718181818)",44.39427793939394,-79.53953718181818
2024-01-12,640 Yonge st Barrie ,No,No,Yes,"(44.3556936, -79.64564656329776)",44.3556936,-79.64564656329776
2024-01-12,624 Yonge st barrie,No,No,Yes,"(44.3564859, -79.64781579999999)",44.3564859,-79.64781579999999
2024-01-15,53 Ardagh rd,No,No,Yes,"(44.358084, -79.7005048)",44.358084,-79.7005048
2024-01-15,2 Byrne dr,No,No,Yes,"(40.119737, -75.507102)",40.119737,-75.507102
2024-01-15,92 commerce park,No,Yes,Yes,"(41.68630993052714, -70.0168738093475)",41.68630993052714,-70.0168738093475
2024-01-15,150 Dunlop St,Yes,Yes,Yes,"(44.31975909310345, -78.31121053103449)",44.31975909310345,-78.31121053103449
2024-01-15,130 Dunlop st E,No,No,No,"(44.3894786, -79.6852409)",44.3894786,-79.6852409
2024-01-15,150 Dunlop east ,Yes,Yes,Yes,"(44.38950167142857, -79.6838389)",44.38950167142857,-79.6838389
2024-01-15,42 Maple,No,No,Yes,"(53.1669096, -1.060602977266558)",53.1669096,-1.060602977266558
2024-01-16,20 Lennox,No,No,Yes,"(42.090308050000004, -75.9468878257866)",42.090308050000004,-75.9468878257866
2024-01-16,16 Lennox ,Yes,No,Yes,"(42.09006885, -75.94630997883053)",42.09006885,-75.94630997883053
2024-01-16,10 Lennox ,No,No,Yes,"(42.0897911, -75.9453505145977)",42.0897911,-75.9453505145977
2024-01-16,132 Commerce Park,No,No,No,"(41.686789881945664, -70.01571346217631)",41.686789881945664,-70.01571346217631
2024-01-16,360 Bayfield st,No,No,Yes,"(44.4047789, -79.7037795)",44.4047789,-79.7037795
2024-01-15,359 Huronia rd,No,No,Yes,"(44.354637499999995, -79.66496208044217)",44.354637499999995,-79.66496208044217
2024-01-17,4 Fairview Road,No,No,Yes,"(-33.71487645, 150.4316980833883)",-33.71487645,150.4316980833883
2024-01-17,20 Dunlop st east,Yes,No,Yes,"(44.389384795454546, -79.68921143636364)",44.389384795454546,-79.68921143636364
2024-01-17,39 Dunlop st e,Yes,No,Yes,"(44.38916145517241, -79.68896826206897)",44.38916145517241,-79.68896826206897
2024-01-17,353 Anne st n,No,Yes,Yes,"(44.4025393, -79.7215537)",44.4025393,-79.7215537
2024-01-18,55 Mary st,No,No,Yes,"(42.4027951, -82.1954334)",42.4027951,-82.1954334
2024-01-18,83 mary st,No,No,No,"(42.0863936, -75.9112273)",42.0863936,-75.9112273
2024-01-18,80 Bayfield ,No,No,Yes,"(13.162722500000001, -59.44547700880169)",13.162722500000001,-59.44547700880169
2024-01-18,110 Saunders ,No,Yes,Yes,"(43.5608917, -73.4081541)",43.5608917,-73.4081541
2024-01-18,151 Essa Road ,No,No,Yes,"(44.3681723, -79.6949992)",44.3681723,-79.6949992
2024-01-18,92 Commerce Park Drive,No,No,No,"(44.3250793, -79.6871339)",44.3250793,-79.6871339
2024-01-09,92 Commerce Park Drive ,No,Yes,Yes,"(44.3250793, -79.6871339)",44.3250793,-79.6871339
2024-01-19,157 Essa rd,Yes,No,Yes,"(44.36777722691562, -79.69528282023161)",44.36777722691562,-79.69528282023161
2024-01-22,13 Dunlop st west,No,No,Yes,"(44.38897006666667, -79.69048566666667)",44.38897006666667,-79.69048566666667
2024-01-22,92 commerce park ,No,Yes,Yes,"(41.68630993052714, -70.0168738093475)",41.68630993052714,-70.0168738093475
2024-01-22,92 commerce park drive ,No,Yes,Yes,"(44.3250793, -79.6871339)",44.3250793,-79.6871339
2024-01-23,142 Commerce Park Drive,No,Yes,Yes,"(44.3236908, -79.6933354)",44.3236908,-79.6933354
2024-01-24,102 Commerce Park,No,Yes,Yes,"(41.68606885, -70.01747497575448)",41.68606885,-70.01747497575448
2024-01-23,556 Bryne,No,Yes,Yes,"(44.327525266223105, -79.6882799419939)",44.327525266223105,-79.6882799419939
2024-01-23,142 Commerce Park,No,Yes,Yes,"(41.68686223753188, -70.01566540311535)",41.68686223753188,-70.01566540311535
2024-01-24,78 Mary St. ,No,No,Yes,"(42.08670085, -75.91164069999999)",42.08670085,-75.91164069999999
2024-01-24,76 Mary St. ,No,No,Yes,"(42.4020423, -82.1962016)",42.4020423,-82.1962016
2024-01-24,62 Mary St. ,No,No,No,"(45.6733991, -82.2706376)",45.6733991,-82.2706376
2024-01-24, 70 Morrow road,Yes,No,Yes,"(44.38994212224776, -75.97829741018307)",44.38994212224776,-75.97829741018307
2024-01-24,12 Bryne Drive,Yes,Yes,Yes,"(44.3273973, -79.6881158)",44.3273973,-79.6881158
2024-01-24,142 commerce park ,No,No,Yes,"(41.68686223753188, -70.01566540311535)",41.68686223753188,-70.01566540311535
2024-01-24,142 commerce park ,No,Yes,Yes,"(41.68686223753188, -70.01566540311535)",41.68686223753188,-70.01566540311535
2024-01-25,28 Currie st,No,Yes,Yes,"(-45.8183594, 170.6205382)",-45.8183594,170.6205382
2024-01-25,373 Huronia road,No,No,Yes,"(44.3533817, -79.6649249)",44.3533817,-79.6649249
2024-01-25,28 Currie Street,No,Yes,No,"(-45.8183594, 170.6205382)",-45.8183594,170.6205382
2024-01-25,35 Morrow,No,Yes,Yes,"(-27.492448500000002, 152.98058756012438)",-27.492448500000002,152.98058756012438
2024-01-25,30 morrow,No,Yes,Yes,"(45.590543, -62.6514154)",45.590543,-62.6514154
2024-01-26,331 bayfield st,No,No,Yes,"(44.4024954, -79.7009607)",44.4024954,-79.7009607
2024-01-26,331 bayfield st,No,Yes,Yes,"(44.4024954, -79.7009607)",44.4024954,-79.7009607
2024-01-27,411 Bayfield St. ,No,Yes,Yes,"(44.4097443, -79.7072901)",44.4097443,-79.7072901
2024-01-27,411 Bayfield St. ,Yes,Yes,Yes,"(44.4097443, -79.7072901)",44.4097443,-79.7072901
2024-01-29,92 Commerce Park Dr.,No,Yes,Yes,"(44.3250793, -79.6871339)",44.3250793,-79.6871339
2024-01-29,360 Bayfield St,No,No,Yes,"(44.4047789, -79.7037795)",44.4047789,-79.7037795
2024-01-30,60 Mary St,No,No,Yes,"(45.6733967, -82.2705111)",45.6733967,-82.2705111
2024-01-31,411 huronia,No,No,Yes,"(44.3526529, -79.664045)",44.3526529,-79.664045
2024-01-31,411 huronia,No,No,No,"(44.3526529, -79.664045)",44.3526529,-79.664045
2024-01-31,411 Huronia rd,No,No,Yes,"(44.3526529, -79.664045)",44.3526529,-79.664045
2024-01-31,319 Bayfield St,Yes,No,Yes,"(44.4017199, -79.70025146922383)",44.4017199,-79.70025146922383
2024-02-01,124 Dunlop st,No,No,Yes,"(43.8790776, -79.4336252)",43.8790776,-79.4336252
2024-02-01,5 Clapperton,No,No,Yes,"(43.7105872, -79.275175)",43.7105872,-79.275175
2024-02-02,660 Bayview,Yes,Yes,Yes,"(45.51017965, -76.09409993165985)",45.51017965,-76.09409993165985
2024-02-02,123 Dunlop st W,No,No,Yes,"(39.63557034892842, -80.86244604104907)",39.63557034892842,-80.86244604104907
2024-02-02,13 Clapperton,No,No,Yes,"(-37.9177259, 145.0247553)",-37.9177259,145.0247553
2024-02-02,11 clapperton,No,No,Yes,"(44.3898589, -79.6899622)",44.3898589,-79.6899622
2024-02-02,19 clapperton,No,No,Yes,"(43.88509779743022, -79.0492810729626)",43.88509779743022,-79.0492810729626
2024-02-02,18 clapperton,No,No,Yes,"(43.884979322131166, -79.04948441418244)",43.884979322131166,-79.04948441418244
2024-02-05,110 Saunders rd ,No,Yes,No,"(44.332515, -79.68297710867381)",44.332515,-79.68297710867381
2023-05-09,556 Bryne Drive,No,Yes,Yes,"(44.327525266223105, -79.6882799419939)",44.327525266223105,-79.6882799419939
2024-02-07,112 Commerce Park Drive,No,Yes,No,"(43.97731144660337, -75.94038745106272)",43.97731144660337,-75.94038745106272
2024-02-08,74 Cedar Point ,No,No,No,"(32.35412807512803, -80.8490827264268)",32.35412807512803,-80.8490827264268
2024-02-08,74 cedar Point,No,No,No,"(32.35412807512803, -80.8490827264268)",32.35412807512803,-80.8490827264268
2024-02-08,68 Maple,No,No,Yes,"(53.167269399999995, -1.0643106034315075)",53.167269399999995,-1.0643106034315075
2024-02-08,68 Maple ,No,No,Yes,"(53.167269399999995, -1.0643106034315075)",53.167269399999995,-1.0643106034315075
2024-02-09,482 Bayfield street ,No,No,Yes,"(44.4118051, -79.71032711237288)",44.4118051,-79.71032711237288
2024-02-09,422 Tiffin St.,No,No,Yes,"(44.36853740196135, -79.71807991639272)",44.36853740196135,-79.71807991639272
2024-02-09,10 Dunlop street East,No,No,Yes,"(44.38938240909091, -79.68952252727271)",44.38938240909091,-79.68952252727271
2024-02-16,44 Dunlop Street East,No,No,No,"(44.389390522727275, -79.68846481818183)",44.389390522727275,-79.68846481818183
2024-02-12,25 Morrow rd ,No,Yes,Yes,"(44.3902741081367, -75.97584031848245)",44.3902741081367,-75.97584031848245
2024-02-12,12 Fairview dr ,No,No,No,"(10.716996, -61.499576)",10.716996,-61.499576
2024-02-13,90 Ardagh Rd. ,No,No,Yes,"(44.3576112, -79.703791)",44.3576112,-79.703791
2024-02-13,102 commerce park,No,Yes,Yes,"(41.68606885, -70.01747497575448)",41.68606885,-70.01747497575448
2024-02-14,490 Bayfield street,No,No,Yes,"(44.4121104, -79.7109876)",44.4121104,-79.7109876
2024-02-14,144 burton avenue,No,No,Yes,"(40.516584800000004, -74.20478118807983)",40.516584800000004,-74.20478118807983
2024-02-14,114 burton ave,No,No,No,"(40.51723775, -74.20519035875)",40.51723775,-74.20519035875
2024-02-14,140 burton ave,No,No,Yes,"(40.71923965, -111.88694978012255)",40.71923965,-111.88694978012255
2024-02-14,827 big bay point rd,No,No,Yes,"(44.3643323, -79.6147118)",44.3643323,-79.6147118
2024-02-14,827 big bay point rd,No,No,No,"(44.3643323, -79.6147118)",44.3643323,-79.6147118
2024-02-12,122 commerce park ,No,Yes,Yes,"(41.68671752635945, -70.01576152123727)",41.68671752635945,-70.01576152123727
2024-02-12,122 Commerce Park Drive,No,Yes,Yes,"(43.977535152106185, -75.94038866028166)",43.977535152106185,-75.94038866028166
2024-02-12,92 Commerce Park Drive ,No,No,No,"(44.3250793, -79.6871339)",44.3250793,-79.6871339
2024-02-15,112 Commerce Park Drive ,No,Yes,Yes,"(43.97731144660337, -75.94038745106272)",43.97731144660337,-75.94038745106272
2024-02-18,307 Bayfield street,No,No,Yes,"(44.401091449999996, -79.69905982608124)",44.401091449999996,-79.69905982608124
2024-02-18,309 Bayfield street,No,No,Yes,"(44.400678275000004, -79.69973865833333)",44.400678275000004,-79.69973865833333
2024-02-18,311 bayfield,No,No,No,"(43.1528987, -87.911419506497)",43.1528987,-87.911419506497
2024-02-21,36 Morrow Rd,Yes,No,Yes,"(44.390061295432105, -75.9763840746091)",44.390061295432105,-75.9763840746091
2024-02-21,28 Currie Street,No,Yes,Yes,"(-45.8183594, 170.6205382)",-45.8183594,170.6205382
2024-02-21,122 commerce park drive,No,Yes,Yes,"(43.977535152106185, -75.94038866028166)",43.977535152106185,-75.94038866028166
2024-02-21,174 Prince William Way,No,No,Yes,"(44.352423, -79.61113065447154)",44.352423,-79.61113065447154
2024-02-21,122 Commerce Park Drive,No,Yes,Yes,"(43.977535152106185, -75.94038866028166)",43.977535152106185,-75.94038866028166
2024-02-22,172 Prince William Way,No,Yes,Yes,"(44.352444, -79.61162218386312)",44.352444,-79.61162218386312
2024-02-21,92 Commerce Park Drive,No,Yes,No,"(44.3250793, -79.6871339)",44.3250793,-79.6871339
2024-02-24,125 Dunlop street east,No,No,Yes,"(43.87806022857143, -78.9397831867347)",43.87806022857143,-78.9397831867347
2024-02-23,139 Dunlop street east ,No,No,Yes,"(44.38913945, -79.68590864509602)",44.38913945,-79.68590864509602
2024-02-23,10 ross,No,No,Yes,"(37.83136386732063, -92.19773926192514)",37.83136386732063,-92.19773926192514
2024-02-26,112 Commerce Park Dr,No,Yes,Yes,"(43.97731144660337, -75.94038745106272)",43.97731144660337,-75.94038745106272
2024-02-26,490 Mapleview Dr W,No,No,Yes,"(44.326733399999995, -79.7256915636593)",44.326733399999995,-79.7256915636593
2024-02-26,502 Bayfield ,Yes,No,Yes,"(46.6702339, -90.90128557525787)",46.6702339,-90.90128557525787
2024-02-27,226 Essa Rd,No,No,Yes,"(44.35800526030061, -79.69791355991298)",44.35800526030061,-79.69791355991298
2024-02-27,85 Patterson Rd,No,No,Yes,"(44.916684599999996, -74.96558879999998)",44.916684599999996,-74.96558879999998
2024-02-28,401 Bayfield Street,Yes,No,Yes,"(44.40772682444865, -79.70592209236662)",44.40772682444865,-79.70592209236662
2024-02-28,407 Bayfield,Yes,No,Yes,"(44.4083378, -79.70583403744348)",44.4083378,-79.70583403744348
2024-03-01,468 Bayfield st,No,No,Yes,"(44.942733153078166, -93.06884456513347)",44.942733153078166,-93.06884456513347
2024-03-01,107 Dunlop St. W,No,No,Yes,"(39.63570884973143, -80.86238990324836)",39.63570884973143,-80.86238990324836
2024-03-01,506 Bayfield st,No,No,Yes,"(44.413747750177386, -79.71156944614425)",44.413747750177386,-79.71156944614425
2024-03-04,28 Dunlop street East,Yes,No,Yes,"(44.3894032, -79.6889973)",44.3894032,-79.6889973
2024-03-04,40 Dunlop street east ,Yes,No,Yes,"(44.38938956818182, -79.68858925454546)",44.38938956818182,-79.68858925454546
2024-03-04,400 Bayview,No,Yes,Yes,"(43.1927135, -77.5416399)",43.1927135,-77.5416399
2024-03-04,400 bayview,No,Yes,Yes,"(43.1927135, -77.5416399)",43.1927135,-77.5416399
2024-03-04,397 Bayfield St,No,No,Yes,"(44.4072901, -79.7050632)",44.4072901,-79.7050632
2024-03-04,397 Bayfield St,Yes,Yes,Yes,"(44.4072901, -79.7050632)",44.4072901,-79.7050632
2024-03-04,405 Bayfield St,No,No,Yes,"(44.94251421450011, -93.071613951534)",44.94251421450011,-93.071613951534
2024-03-05,34 Cedar point drive,No,No,Yes,"(40.6857408, -73.2894839529028)",40.6857408,-73.2894839529028
2024-03-05,38 ferndale drive north,Yes,No,Yes,"(44.37092893021838, -79.7158963669631)",44.37092893021838,-79.7158963669631
2024-03-05,168 Dunlop st,No,No,Yes,"(44.31969731896552, -78.31083038965518)",44.31969731896552,-78.31083038965518
2024-03-05,19 Ross st ,No,No,Yes,"(-45.8710361, 170.3532592)",-45.8710361,170.3532592
2024-03-05,34 ross,No,No,Yes,"(37.83126746928253, -92.19752404770054)",37.83126746928253,-92.19752404770054
2024-03-05,49 Mary ,No,No,Yes,"(46.6178822, 4.5007024)",46.6178822,4.5007024
2024-03-06,170 Prince William Way,No,Yes,Yes,"(44.3528905, -79.6115102)",44.3528905,-79.6115102
2024-03-06,170 Prince William way,No,Yes,No,"(44.3528905, -79.6115102)",44.3528905,-79.6115102
2024-03-06,355 Bayfield,No,No,Yes,"(45.623659254832965, -61.71710188354317)",45.623659254832965,-61.71710188354317
2024-03-05,355 Bayfield,No,No,Yes,"(45.623659254832965, -61.71710188354317)",45.623659254832965,-61.71710188354317
2024-03-06,27 Mapleview dr w ,Yes,No,Yes,"(44.33241825, -79.68518336579035)",44.33241825,-79.68518336579035
2024-03-06,33 Mapleview dr,No,Yes,Yes,"(43.2319295, -76.21363055131579)",43.2319295,-76.21363055131579
2024-03-06,490 Mapleview west,No,No,Yes,"(44.326733399999995, -79.7256915636593)",44.326733399999995,-79.7256915636593
2024-03-07,157 Essa ,No,No,No,"(44.2873412, -79.8811188)",44.2873412,-79.8811188
2024-03-11,649  street ,No,No,Yes,"(37.78656015, -122.40104841382907)",37.78656015,-122.40104841382907
2024-03-11,649 Yonge st,No,No,Yes,"(44.35664, -79.6449606)",44.35664,-79.6449606
2024-03-11,649 Yonge street,No,Yes,Yes,"(43.667944, -79.385698)",43.667944,-79.385698
2024-03-12,26 Lenox ,No,No,No,"(42.2771774, -71.83297496921132)",42.2771774,-71.83297496921132
2024-03-05,26 Lennox Dr,No,No,No,"(53.6685114, -1.5321776551316337)",53.6685114,-1.5321776551316337
2024-03-12,29 Lennox Dr,No,No,No,"(53.6681416, -1.5325941999999988)",53.6681416,-1.5325941999999988
2024-03-12,137 Dunlop St East,Yes,No,Yes,"(44.3891364, -79.68599299828901)",44.3891364,-79.68599299828901
2024-03-12,490 Mapleview Dr. W.,No,No,Yes,"(44.326733399999995, -79.7256915636593)",44.326733399999995,-79.7256915636593
2024-03-15,87 Patterson Road,No,No,Yes,"(44.3644767, -79.7072634)",44.3644767,-79.7072634
2024-03-16,61 Bryne Dr.,Yes,Yes,Yes,"(44.35710425, -79.69378230945472)",44.35710425,-79.69378230945472
2024-03-18,26 morrow rd,No,No,No,"(44.3900982760162, -75.97582149884643)",44.3900982760162,-75.97582149884643
2024-03-18,500 Huronia Rd ,Yes,Yes,Yes,"(44.34666224200392, -79.66399514145174)",44.34666224200392,-79.66399514145174
2024-03-18,500 Huronia Rd,Yes,Yes,Yes,"(44.34666224200392, -79.66399514145174)",44.34666224200392,-79.66399514145174
2024-03-19,47 Dunlop East,No,No,Yes,"(44.38916519310345, -79.68878711724138)",44.38916519310345,-79.68878711724138
2024-03-21,15 morrow rd,No,No,Yes,"(44.39033818796938, -75.97527980408395)",44.39033818796938,-75.97527980408395
2024-03-21,15 Morrow Rd,Yes,Yes,Yes,"(44.39033818796938, -75.97527980408395)",44.39033818796938,-75.97527980408395
2024-03-23,237 Mapleview dr east ,No,Yes,Yes,"(44.3404078, -79.6625613)",44.3404078,-79.6625613
2024-03-23,411 Huronia rd ,No,No,Yes,"(44.3526529, -79.664045)",44.3526529,-79.664045
2024-03-25,418 Blake st,No,No,Yes,"(44.39949769594113, -79.6509579339997)",44.39949769594113,-79.6509579339997
2024-03-25,380 Mapleview Dr W,Yes,Yes,Yes,"(44.32857477105783, -79.7158002699878)",44.32857477105783,-79.7158002699878
2024-03-26,158 Essa road,No,No,Yes,"(44.36758940336779, -79.6950028372734)",44.36758940336779,-79.6950028372734
2024-03-26,555 Mapleview ,No,Yes,Yes,"(42.9434559, -78.7699023)",42.9434559,-78.7699023
2024-03-26,555 Mapleview,No,Yes,Yes,"(42.9434559, -78.7699023)",42.9434559,-78.7699023
2024-03-26,91 Paterson road,Yes,No,Yes,"(41.18871076794664, -74.3769723327971)",41.18871076794664,-74.3769723327971
2024-03-26,555 Mapleview,Yes,Yes,Yes,"(42.9434559, -78.7699023)",42.9434559,-78.7699023
2024-03-26,225 Mapleview dr.,Yes,Yes,Yes,"(46.23338974431283, -60.26348613200638)",46.23338974431283,-60.26348613200638
2024-03-05,555 Mapleview Drive West,No,Yes,Yes,"(39.26809373469388, -80.3704441632653)",39.26809373469388,-80.3704441632653
2024-03-11,555 Mapleview Drive West,No,Yes,Yes,"(39.26809373469388, -80.3704441632653)",39.26809373469388,-80.3704441632653
2024-03-05,555 Mapleview Drive West,No,Yes,No,"(39.26809373469388, -80.3704441632653)",39.26809373469388,-80.3704441632653
2024-03-27,170 Prince William Way,Yes,Yes,Yes,"(44.3528905, -79.6115102)",44.3528905,-79.6115102
2024-03-28,170 Prince William Way,No,Yes,Yes,"(44.3528905, -79.6115102)",44.3528905,-79.6115102
2024-03-28,71 Bryne drive,Yes,Yes,Yes,"(44.35580895, -79.69284917510973)",44.35580895,-79.69284917510973
2024-03-28,11 Essa Rd  Salvation Army Thrift Store,No,No,Yes,"(44.3743756, -79.6909243)",44.3743756,-79.6909243
2024-03-28,8 Essa Rd,No,No,Yes,"(50.4077951, -4.212365323637453)",50.4077951,-4.212365323637453
2024-03-28,44 Dunlop Street,No,No,No,"(-33.7790679, 151.0687179)",-33.7790679,151.0687179
2024-03-28,418 Blake st,No,No,Yes,"(44.39949769594113, -79.6509579339997)",44.39949769594113,-79.6509579339997
2024-04-01,237 Mapleview dr east ,No,Yes,Yes,"(44.3404078, -79.6625613)",44.3404078,-79.6625613
2024-03-30,19 Mapleview Drive West,No,No,Yes,"(44.3339721, -79.6859247)",44.3339721,-79.6859247
2024-03-30,10 Mapleview Drive West,No,No,Yes,"(44.33519655882353, -79.68661960588236)",44.33519655882353,-79.68661960588236
2024-04-04,1 ferndale north,No,No,Yes,"(54.785698, -1.5201804499999938)",54.785698,-1.5201804499999938
2024-04-04,68 Maple,No,No,No,"(53.167269399999995, -1.0643106034315075)",53.167269399999995,-1.0643106034315075
2024-04-04,30 Anne St. South,No,No,Yes,"(53.341038600000005, -6.259887919642856)",53.341038600000005,-6.259887919642856
2024-04-04,5 ferndale drive,No,No,Yes,"(40.87132015, -74.37563428259588)",40.87132015,-74.37563428259588
2024-04-04,62 Maple,No,No,No,"(51.18346665, -2.2355946378808866)",51.18346665,-2.2355946378808866
2024-04-04,56 Dunlop St E,No,No,Yes,"(44.38939944285714, -79.68816612857142)",44.38939944285714,-79.68816612857142
2024-04-04,82 Dunlop St E,No,Yes,Yes,"(44.38940893076923, -79.68709548076923)",44.38940893076923,-79.68709548076923
2024-04-04,68 Dunlop St E ,No,No,Yes,"(44.38940545, -79.687562425)",44.38940545,-79.687562425
2024-04-04,70 Dunlop St E,No,No,Yes,"(44.3894052, -79.68749464999999)",44.3894052,-79.68749464999999
2024-04-04,88 Dunlop St W,No,No,Yes,"(44.3880407, -79.6933599)",44.3880407,-79.6933599
2024-04-05,490 Mapleview Dr W,No,No,Yes,"(44.326733399999995, -79.7256915636593)",44.326733399999995,-79.7256915636593
2024-04-08,179 live eight way,No,No,Yes,"(44.3376056, -79.6794987)",44.3376056,-79.6794987
2024-04-10,565 Yonge st,No,No,Yes,"(44.7458119, -79.8854907)",44.7458119,-79.8854907
2024-04-11,565 Yonge st,No,No,Yes,"(44.7458119, -79.8854907)",44.7458119,-79.8854907
2024-04-11,28 Essa rd,No,No,No,"(44.3735497, -79.6907866)",44.3735497,-79.6907866
2024-04-04,38 Ferndale dr north,No,No,Yes,"(44.37092893021838, -79.7158963669631)",44.37092893021838,-79.7158963669631
2024-04-11,42 Ferndale dr n,No,No,Yes,"(44.37116154882401, -79.7160977968277)",44.37116154882401,-79.7160977968277
2024-04-11,420 Essa ,No,No,Yes,"(44.280155, -79.905896)",44.280155,-79.905896
2024-04-11,420 Essa rd ,No,No,Yes,"(44.34708545, -79.70312692716033)",44.34708545,-79.70312692716033
2024-04-11,5 bell farm rd ,No,Yes,No,"(44.4072067, -79.6849559)",44.4072067,-79.6849559
2024-04-11,159 Live eight way,No,No,Yes,"(44.338968, -79.6802773)",44.338968,-79.6802773
2024-04-11,149 Live eight way,Yes,Yes,Yes,"(44.3390974, -79.6803018)",44.3390974,-79.6803018
2024-04-12,64 Dunlop St E ,No,No,Yes,"(44.3894039, -79.6879835)",44.3894039,-79.6879835
2024-04-12,80 Mary St,No,No,No,"(43.6172055, -81.5425696)",43.6172055,-81.5425696
2024-04-13,410 Essa Rd,No,No,Yes,"(44.347731100000004, -79.70300037561006)",44.347731100000004,-79.70300037561006
2024-04-15,454 Bayfield st,No,No,Yes,"(44.4104798, -79.7093677)",44.4104798,-79.7093677
2024-04-15,454 Bayfield st.,No,No,Yes,"(44.4104798, -79.7093677)",44.4104798,-79.7093677
2024-04-15,454  Bayfield st ,No,No,Yes,"(44.4104798, -79.7093677)",44.4104798,-79.7093677
2024-04-15,175 Essa Rd,Yes,No,Yes,"(44.3665920076625, -79.69613368092644)",44.3665920076625,-79.69613368092644
2024-04-15,556 Bryne ,No,No,No,"(44.327525266223105, -79.6882799419939)",44.327525266223105,-79.6882799419939
2024-04-15,79 Dunlop St W.,No,No,Yes,"(44.387941525, -79.6928762375)",44.387941525,-79.6928762375
2024-04-15,112 commerce park dr,No,No,No,"(43.97731144660337, -75.94038745106272)",43.97731144660337,-75.94038745106272
2024-04-15,25 Dunlop St W.,No,No,Yes,"(44.38886213333333, -79.69074473333333)",44.38886213333333,-79.69074473333333
2024-04-15,13 Dunlop St W,No,No,No,"(44.38897006666667, -79.69048566666667)",44.38897006666667,-79.69048566666667
2024-04-15,180 Innisfil street ,No,No,Yes,"(44.3763232, -79.6963131)",44.3763232,-79.6963131
2024-04-15,52 Bayfield St,Yes,Yes,Yes,"(44.608579166666665, -80.58982565555554)",44.608579166666665,-80.58982565555554
2024-04-16,420 Essa,No,No,Yes,"(44.280155, -79.905896)",44.280155,-79.905896
2024-04-16,48 Alliance Blvd ,No,No,Yes,"(44.4113392, -79.68011)",44.4113392,-79.68011
2024-04-16,48 alliance blvd ,No,No,Yes,"(44.4113392, -79.68011)",44.4113392,-79.68011
2024-04-16,48 alliance blvd,No,No,Yes,"(44.4113392, -79.68011)",44.4113392,-79.68011
2024-04-16,375 Mapleview Dr W,No,No,Yes,"(44.328344200000004, -79.71535695)",44.328344200000004,-79.71535695
2024-04-16,565 Yonge st,No,No,No,"(44.7458119, -79.8854907)",44.7458119,-79.8854907
2024-04-16,505 Bryne Dr,No,No,Yes,"(44.33172185806353, -79.68908901241066)",44.33172185806353,-79.68908901241066
2024-04-16,550 Bryne,No,No,Yes,"(44.32797536555777, -79.68847545498471)",44.32797536555777,-79.68847545498471
2024-04-16,550 Bryne Dr,No,No,Yes,"(44.32797536555777, -79.68847545498471)",44.32797536555777,-79.68847545498471
2024-04-17,80 Dunlop st east,No,Yes,Yes,"(44.38940795384615, -79.68715795384615)",44.38940795384615,-79.68715795384615
2024-04-17,347 Bayfield ,No,No,Yes,"(44.4032693, -79.7020115)",44.4032693,-79.7020115
2024-04-18,53 Bayfield Street,No,No,Yes,"(44.390214, -79.6907788)",44.390214,-79.6907788
2024-04-18,5 Collier St. ,No,No,Yes,"(51.5942134, -2.9895190501350557)",51.5942134,-2.9895190501350557
2024-04-18,21 Essa Rd,No,No,Yes,"(44.1612218, -79.8799038)",44.1612218,-79.8799038
2024-04-18,192 Essa Road,No,No,Yes,"(44.36546680771293, -79.69651408851358)",44.36546680771293,-79.69651408851358
2024-04-18,27 Mapleview dr west,No,No,No,"(44.33241825, -79.68518336579035)",44.33241825,-79.68518336579035
2024-04-18,33 Mapleview Drive West,No,No,No,"(44.3339249, -79.6883674)",44.3339249,-79.6883674
2024-04-18,490 Mapleview Drive West ,No,No,No,"(44.326733399999995, -79.7256915636593)",44.326733399999995,-79.7256915636593
2024-04-23,364 St Vincent street,No,Yes,Yes,"(44.4070845, -79.685262)",44.4070845,-79.685262
2024-04-23,364 st Vincent street,No,Yes,Yes,"(44.4070845, -79.685262)",44.4070845,-79.685262
2024-04-23,160 saunders,No,Yes,Yes,"(42.188461000000004, -71.21204884646892)",42.188461000000004,-71.21204884646892
2024-04-23,160 saunders ,No,Yes,Yes,"(42.188461000000004, -71.21204884646892)",42.188461000000004,-71.21204884646892
2024-04-23,411 Huronia rd,No,No,No,"(44.3526529, -79.664045)",44.3526529,-79.664045
2024-04-24,18 cundles rd e,No,No,Yes,"(44.4058609, -79.7021677)",44.4058609,-79.7021677
2024-04-25,410 ESSA rd,No,No,Yes,"(44.347731100000004, -79.70300037561006)",44.347731100000004,-79.70300037561006
2024-04-26,129 Dunlop St E,No,No,Yes,"(43.878064342857144, -78.93976614795919)",43.878064342857144,-78.93976614795919
2024-04-26,31 Dunlop St E,Yes,Yes,Yes,"(44.3890032, -79.6891316076916)",44.3890032,-79.6891316076916
2024-04-26,102 Byrne Drive ,No,No,No,"(40.11850415186247, -75.50818725787965)",40.11850415186247,-75.50818725787965
2024-04-26,26 Lennox Drive,No,No,No,"(53.6685114, -1.5321776551316337)",53.6685114,-1.5321776551316337
2024-04-26,29 Lennox Drive ,No,No,No,"(53.6681416, -1.5325941999999988)",53.6681416,-1.5325941999999988
2024-04-26,133 Dunlop Street East,No,No,No,"(44.3891571, -79.6861061)",44.3891571,-79.6861061
2024-04-26,137 Dunlop Street East,No,No,No,"(44.3891364, -79.68599299828901)",44.3891364,-79.68599299828901
2024-04-29,1 ferndale dr n,No,No,Yes,"(44.3694172, -79.7143467)",44.3694172,-79.7143467
2024-04-30,18 cundles east,No,No,Yes,"(44.4058609, -79.7021677)",44.4058609,-79.7021677
2024-05-02,29 Bradford st,No,No,Yes,"(42.6605648, -73.76862490951305)",42.6605648,-73.76862490951305
2024-05-06,49 Essa rd,Yes,No,Yes,"(44.3728749, -79.6916903)",44.3728749,-79.6916903
2024-04-30,22 Commerce Park Drive,No,Yes,Yes,"(44.32981375917598, -79.68592209118268)",44.32981375917598,-79.68592209118268
2024-04-30,22 Commerce Park Drive,No,Yes,No,"(44.32981375917598, -79.68592209118268)",44.32981375917598,-79.68592209118268
2024-04-30,22 commerce park drive,No,Yes,Yes,"(44.32981375917598, -79.68592209118268)",44.32981375917598,-79.68592209118268
2024-05-06,81 Patterson Rd,No,No,No,"(43.6521357, -70.8203671)",43.6521357,-70.8203671
2024-05-06,73 Patterson ,No,No,No,"(41.4392815, -73.606932)",41.4392815,-73.606932
2024-05-07,500 Huronia Road,No,No,No,"(44.34666224200392, -79.66399514145174)",44.34666224200392,-79.66399514145174
2024-05-07,500 Huronia road,No,No,No,"(44.34666224200392, -79.66399514145174)",44.34666224200392,-79.66399514145174
2024-05-11,8 EssaRd,No,No,No,"(48.04479155, 0.347829151030836)",48.04479155,0.347829151030836
2024-05-13,150 park place,Yes,No,Yes,"(42.922816, -76.5765243)",42.922816,-76.5765243
2024-05-13,130 Bayview dr,Yes,No,Yes,"(45.4880877, -76.0726602)",45.4880877,-76.0726602
2024-05-13,140 parkplace blvd,Yes,No,Yes,"(14.3919737, 120.9344849)",14.3919737,120.9344849
2024-05-15,45 Bradford street ,No,No,Yes,"(-45.8764307, 170.4695295)",-45.8764307,170.4695295
2024-05-16,112 Commerce Park,No,No,No,"(41.68664517077324, -70.01580958029821)",41.68664517077324,-70.01580958029821
2024-05-29,110 Saunders ,No,Yes,Yes,"(43.5608917, -73.4081541)",43.5608917,-73.4081541
2024-05-22,505 Bryne,No,No,No,"(58.6933262, 5.6429034)",58.6933262,5.6429034
2024-05-23,505 Bryne,No,No,No,"(58.6933262, 5.6429034)",58.6933262,5.6429034
2024-05-24,505 Bryne,No,No,No,"(58.6933262, 5.6429034)",58.6933262,5.6429034
2024-05-23,375 Mapleview W,No,No,No,"(44.328344200000004, -79.71535695)",44.328344200000004,-79.71535695
2021-09-21,75 Carol Road,Yes,No,Yes,"(44.3615909, -79.6866001)",44.3615909,-79.6866001
2021-09-21,125 Bayfield Street,Yes,Yes,Yes,"(44.39268985, -79.69263165000001)",44.39268985,-79.69263165000001
2021-09-22,500 Mapleview Drive W,Yes,Yes,Yes,"(39.267919, -80.370387)",39.267919,-80.370387
2021-09-24,1 Bernick dr,Yes,Yes,Yes,"(44.4090576, -79.6737263)",44.4090576,-79.6737263
2021-09-27,15 cheltenham road ,Yes,No,Yes,"(52.08514745, -1.9508379000000007)",52.08514745,-1.9508379000000007
2021-09-27,10 coulter street,Yes,No,Yes,"(44.4030432, -79.7077497)",44.4030432,-79.7077497
2021-09-28,414 Blake st,Yes,Yes,Yes,"(44.39940870318093, -79.65118151498743)",44.39940870318093,-79.65118151498743
2021-09-29,200 Collier Street,Yes,Yes,Yes,"(44.3915158, -79.6773041)",44.3915158,-79.6773041
2021-09-29,114 Anne st,Yes,Yes,Yes,"(43.1632563, -81.85395)",43.1632563,-81.85395
2021-09-30,17 Blake St. ,Yes,Yes,Yes,"(44.391698, -79.6760139)",44.391698,-79.6760139
2021-09-30,54 Koda street,Yes,Yes,Yes,"(-27.1599765, 152.9876852)",-27.1599765,152.9876852
2021-09-30,329 Blake St,Yes,Yes,Yes,"(44.3972499, -79.6564381)",44.3972499,-79.6564381
2021-10-04,43 Ferndale Drive,Yes,Yes,Yes,"(42.7859669, -78.739678)",42.7859669,-78.739678
2021-10-04,5 Chef Lane,Yes,Yes,Yes,"(53.522363049999996, -1.6374715906190436)",53.522363049999996,-1.6374715906190436
2021-10-04,12 Heather Street,Yes,Yes,Yes,"(39.981713400000004, -74.56735696957455)",39.981713400000004,-74.56735696957455
2021-10-05,45 Ferndale,Yes,Yes,Yes,"(52.44630065, -9.0435181)",52.44630065,-9.0435181
2021-10-05,95 Clapperton st ,Yes,No,Yes,"(44.39411031, -79.69118848000001)",44.39411031,-79.69118848000001
2021-10-05,300 Essa,Yes,Yes,Yes,"(44.2801039, -79.840661)",44.2801039,-79.840661
2021-10-06,20 Koda,Yes,Yes,Yes,"(35.21206383601623, -82.75397336493916)",35.21206383601623,-82.75397336493916
2021-10-06,13 Cheltenham,Yes,Yes,Yes,"(51.94295245, -2.06317075)",51.94295245,-2.06317075
2021-10-06,291 Blake st,Yes,Yes,Yes,"(44.39632728982953, -79.65892196621891)",44.39632728982953,-79.65892196621891
2021-10-07,76 Ardagh ,Yes,No,Yes,"(43.657032, -79.48198337041336)",43.657032,-79.48198337041336
2021-10-07,17 Cheltenham,Yes,Yes,Yes,"(51.886205700000005, -2.091096707754012)",51.886205700000005,-2.091096707754012
2021-10-07,750 Big Bay Point,Yes,Yes,Yes,"(47.8542323, -89.9315422)",47.8542323,-89.9315422
2021-10-12,75 Amelia st,Yes,Yes,Yes,"(43.24613936666667, -79.88744096296297)",43.24613936666667,-79.88744096296297
2021-10-12,1 Blake st,Yes,Yes,Yes,"(-40.2999062, 176.6116517)",-40.2999062,176.6116517
2021-10-14,7 Vancouver St,Yes,Yes,Yes,"(43.8514933, -66.1152594)",43.8514933,-66.1152594
2021-10-18,126 bell farm road,Yes,No,Yes,"(44.41095853758146, -79.67577350720276)",44.41095853758146,-79.67577350720276
2021-10-18,39 Ferndale Dr.,Yes,Yes,Yes,"(42.7858752, -78.7401871)",42.7858752,-78.7401871
2021-10-18,108 Collier,Yes,Yes,Yes,"(39.80014585, -89.69545525610016)",39.80014585,-89.69545525610016
2021-10-18,34 Johnson st,Yes,No,Yes,"(44.2283699, -76.4818045)",44.2283699,-76.4818045
2021-10-20,151 Steel Street,Yes,No,Yes,"(44.40135, -79.6595497)",44.40135,-79.6595497
2021-10-20,62 Little,Yes,No,Yes,"(-25.0813889, 27.9286111)",-25.0813889,27.9286111
2021-10-21,5 Greenwich St.,Yes,Yes,Yes,"(42.2272355, -78.032792)",42.2272355,-78.032792
2021-10-21,6 bayfield st,Yes,Yes,Yes,"(44.3883695, -79.6895547)",44.3883695,-79.6895547
2021-10-22,66 carol road,Yes,No,Yes,"(42.284342699999996, -71.2622194973752)",42.284342699999996,-71.2622194973752
2021-10-27,2104 Line 6 North,Yes,Yes,Yes,"(44.650002, -79.6997286)",44.650002,-79.6997286
2021-10-25,96 Anne street,No,No,Yes,"(43.248326000000006, -79.0813038625)",43.248326000000006,-79.0813038625
2021-10-26,259 Dunlop St. ,Yes,Yes,Yes,"(43.87819805714286, -78.9392123877551)",43.87819805714286,-78.9392123877551
2021-10-28,147 Steel St.,Yes,No,Yes,"(44.4015191, -79.6613254)",44.4015191,-79.6613254
2021-10-28,7 greenwich,Yes,Yes,Yes,"(51.48181255, -0.0090137)",51.48181255,-0.0090137
2021-10-29,108 burton avenue,Yes,No,Yes,"(44.3710071, -79.684785)",44.3710071,-79.684785
2021-10-29,240 Steel St.,Yes,No,Yes,"(41.65168854285714, -83.5116068)",41.65168854285714,-83.5116068
2021-11-01,90 Edgehill Drive,Yes,Yes,Yes,"(44.38835885, -79.70926033100281)",44.38835885,-79.70926033100281
2021-11-01,111 Sanford Street,Yes,No,Yes,"(44.3769634, -79.6948639)",44.3769634,-79.6948639
2021-11-02,29 queen street barrie,Yes,No,Yes,"(44.396997981335666, -79.68328649023296)",44.396997981335666,-79.68328649023296
2021-11-02,96 Ross Street,Yes,Yes,Yes,"(44.3912207, -79.6997503)",44.3912207,-79.6997503
2021-11-02,49 coulter st ,Yes,Yes,Yes,"(44.40011615, -79.70513761454545)",44.40011615,-79.70513761454545
2021-11-04,73 Carol rd,Yes,No,Yes,"(29.3323901, -81.0658301)",29.3323901,-81.0658301
2021-11-05,236 Tiffin street,No,No,Yes,"(44.371698246290606, -79.70417932486379)",44.371698246290606,-79.70417932486379
2021-11-09,135 Wellington ,Yes,Yes,Yes,"(30.72428584182711, -95.05403240289802)",30.72428584182711,-95.05403240289802
2021-11-09,15 Vancouver ,Yes,Yes,Yes,"(49.2005348, -123.1361459)",49.2005348,-123.1361459
2021-11-10,143 Edgehill Drive,Yes,No,Yes,"(45.381043944295335, -63.2066005395304)",45.381043944295335,-63.2066005395304
2021-11-11,155 Edgehill Dr,Yes,No,Yes,"(44.3838256, -79.7138752)",44.3838256,-79.7138752
2021-11-11,131 Edgehill Dr,Yes,No,Yes,"(44.3847382, -79.7118505)",44.3847382,-79.7118505
2021-11-11,302 Essa rd,Yes,Yes,Yes,"(44.35447046361941, -79.69923836567207)",44.35447046361941,-79.69923836567207
2021-11-15,141 edghill drive,Yes,No,Yes,"(10.6891695, -61.5755625)",10.6891695,-61.5755625
2021-11-15,278 St Vincent street,Yes,No,Yes,"(44.4038627, -79.6825311)",44.4038627,-79.6825311
2021-11-15,171 Edgehill ,Yes,No,Yes,"(45.48793015, -73.61009449717196)",45.48793015,-73.61009449717196
2021-11-15,225 kozlov,Yes,Yes,Yes,"(44.4122573, -79.7164067)",44.4122573,-79.7164067
2021-11-16,51 Blake St.,Yes,No,Yes,"(43.2458801, -79.8390599)",43.2458801,-79.8390599
2021-11-16,42 Ferndale,Yes,Yes,Yes,"(52.446471200000005, -9.043344599999998)",52.446471200000005,-9.043344599999998
2021-11-16,163 Edgehill Drive,Yes,No,Yes,"(44.383666659999996, -79.7142458)",44.383666659999996,-79.7142458
2021-11-16,179 Edgehill Drive,Yes,No,Yes,"(44.3832185, -79.7152966)",44.3832185,-79.7152966
2021-11-17,496 Young st.,Yes,No,Yes,"(32.548263894501176, -94.38332035206443)",32.548263894501176,-94.38332035206443
2021-11-18,12 royal parkside drive,Yes,No,Yes,"(44.36348663076923, -79.62324113846154)",44.36348663076923,-79.62324113846154
2021-11-18,304 Essa,Yes,Yes,Yes,"(44.2938959, -79.897495)",44.2938959,-79.897495
2021-11-18,159 Edgehill,Yes,No,Yes,"(44.3837787, -79.7139831)",44.3837787,-79.7139831
2021-11-18,40 Ferndale Rd S,Yes,Yes,Yes,"(50.9502736, -0.12279507966320685)",50.9502736,-0.12279507966320685
2021-11-22,33 Ellen St.,Yes,Yes,Yes,"(53.7284377, -2.66290985)",53.7284377,-2.66290985
2021-11-22,339 Essa Road,Yes,Yes,Yes,"(44.3515709, -79.7002093)",44.3515709,-79.7002093
2021-11-23,151 Edgehill,Yes,No,Yes,"(42.179129, -71.18666490000001)",42.179129,-71.18666490000001
2021-11-23,44 Ferndale,Yes,Yes,Yes,"(52.44634635, -9.04345895)",52.44634635,-9.04345895
2021-11-23,167 Edgehill Drive,Yes,No,Yes,"(44.38355462, -79.7145085)",44.38355462,-79.7145085
2021-11-23,55 Blake Street,Yes,No,Yes,"(-41.6312532, 171.8724368)",-41.6312532,171.8724368
2021-11-23,37 Ellen Street,Yes,Yes,Yes,"(45.5272697, -79.3159414)",45.5272697,-79.3159414
2021-11-23,86 Wellington St East,Yes,No,Yes,"(44.39625265, -79.68866895)",44.39625265,-79.68866895
2021-11-24,41 Ferndale ,Yes,Yes,Yes,"(52.44635945, -9.042955943714642)",52.44635945,-9.042955943714642
2021-11-24,21 kempenfelt Dr,Yes,Yes,Yes,"(44.38971584756605, -79.67868510353993)",44.38971584756605,-79.67868510353993
2021-11-24,108 Kempenfelt dr,Yes,No,Yes,"(44.391672312831496, -79.67284046542979)",44.391672312831496,-79.67284046542979
2021-11-25,306 Essa Rd,Yes,Yes,Yes,"(44.35452265, -79.69851420756437)",44.35452265,-79.69851420756437
2021-11-26,47 Blake st,Yes,No,Yes,"(-42.4489393, 171.1949874)",-42.4489393,171.1949874
2021-11-29,260 Leacock Dr,Yes,Yes,Yes,"(44.3848825, -79.7123376)",44.3848825,-79.7123376
2021-11-30,1 Quail,Yes,No,Yes,"(30.937174, -95.321826)",30.937174,-95.321826
2021-11-30,262 Rose St. ,Yes,No,Yes,"(44.4092473, -79.6741435)",44.4092473,-79.6741435
2021-11-30,193 Edgehill dr,Yes,No,Yes,"(44.382934762877056, -79.71658312601025)",44.382934762877056,-79.71658312601025
2021-11-30,175 Edgehill ,Yes,No,Yes,"(41.69946845, -111.81367988999999)",41.69946845,-111.81367988999999
2021-11-30,183 Edgehill ,Yes,No,Yes,"(44.38310895951281, -79.71560293246831)",44.38310895951281,-79.71560293246831
2021-12-02,191 Edgehill Dr. ,Yes,Yes,No,"(44.382969602204206, -79.71638708730187)",44.382969602204206,-79.71638708730187
2021-12-07,41 Coulter,Yes,Yes,Yes,"(47.407338249999995, -122.81768398874199)",47.407338249999995,-122.81768398874199
2021-12-07,295 Cundles ,Yes,Yes,Yes,"(44.4148198, -79.681147)",44.4148198,-79.681147
2021-12-07,299 Cundles,Yes,Yes,Yes,"(44.4132501, -79.68133840808275)",44.4132501,-79.68133840808275
2021-12-08,98 Holgate,Yes,Yes,Yes,"(44.37026844953412, -79.68318251877487)",44.37026844953412,-79.68318251877487
2021-12-08,90 Holgate ,Yes,Yes,Yes,"(52.939425150000005, -1.1477472340049168)",52.939425150000005,-1.1477472340049168
2021-12-08,37 Peel,Yes,Yes,Yes,"(52.515248, 5.7247801)",52.515248,5.7247801
2021-12-08,215 Dunlop St East,Yes,No,Yes,"(44.3892613, -79.6810777)",44.3892613,-79.6810777
2021-12-10,43 Coulter,Yes,Yes,Yes,"(-38.0032497, 175.37115)",-38.0032497,175.37115
2021-12-10,39 Coulter,Yes,Yes,Yes,"(44.4016188, -79.7067196)",44.4016188,-79.7067196
2021-12-16,404 Veterans,Yes,No,Yes,"(6.2729938, 124.7993338)",6.2729938,124.7993338
2021-12-16,408 Veterans,Yes,No,Yes,"(6.2729938, 124.7993338)",6.2729938,124.7993338
2021-12-16,412 veterans ,Yes,No,Yes,"(6.2729938, 124.7993338)",6.2729938,124.7993338
2021-12-16,416 Veterans,Yes,No,Yes,"(6.2729938, 124.7993338)",6.2729938,124.7993338
2021-12-17,11 Cheltenham rd.,Yes,Yes,Yes,"(51.5743605, -0.0073658)",51.5743605,-0.0073658
2021-12-17,35 Blake Street,Yes,Yes,Yes,"(42.26542565, -71.10715624566467)",42.26542565,-71.10715624566467
2021-12-17,125 Wellington Ave. ,Yes,Yes,Yes,"(43.1461574, -77.6410314)",43.1461574,-77.6410314
2021-12-17,49 jacobs terrace,Yes,Yes,Yes,"(44.3717252, -79.6979041)",44.3717252,-79.6979041
2021-12-17,19 Cheltenham,Yes,Yes,Yes,"(51.8872865, -2.0880256323270623)",51.8872865,-2.0880256323270623
2022-01-27,101 Kozlov,Yes,No,Yes,"(49.4113944, 15.7017804)",49.4113944,15.7017804
2022-02-10,12 kozlov street,Yes,Yes,Yes,"(44.40505585, -79.70762083144496)",44.40505585,-79.70762083144496
2022-02-17,18 Sophia street,Yes,Yes,Yes,"(-33.940353, 18.416640689324325)",-33.940353,18.416640689324325
2022-02-24,371 king - Unit 1 & 2,No,No,No,"(53.7256216, -1.8698763352066172)",53.7256216,-1.8698763352066172
2022-02-24,371 king unit 4,No,No,No,"(53.72505665, -1.8709663336800135)",53.72505665,-1.8709663336800135
2022-03-09,190 Cundles Rd E - Unit 107,No,No,No,"(44.4161982, -79.6740464)",44.4161982,-79.6740464
2022-03-09,190 Cundles Rd E - Unit 103,No,No,No,"(44.4161982, -79.6740464)",44.4161982,-79.6740464
2022-03-09,190 Cundles Rd E - Unit 001,No,No,No,"(44.4161982, -79.6740464)",44.4161982,-79.6740464
2022-03-15,190 Cundles Rd E - Unit 302,No,No,No,"(44.4161982, -79.6740464)",44.4161982,-79.6740464
2022-03-09,190 Cundles Rd E - Unit 105,No,No,No,"(44.4161982, -79.6740464)",44.4161982,-79.6740464
2022-03-09,190 Cundles Rd E - Unit 101,No,No,No,"(44.4161982, -79.6740464)",44.4161982,-79.6740464
2022-03-09,190 Cundles Rd E - Unit 102,No,No,No,"(44.4161982, -79.6740464)",44.4161982,-79.6740464
2022-03-24,136 Bayfield Street - 3rd floor,No,No,No,"(-37.5484742, 143.7753156)",-37.5484742,143.7753156
2022-03-24,136 Bayfield Street - 2nd floor,No,No,No,"(-37.5484742, 143.7753156)",-37.5484742,143.7753156
2022-03-24,136 Bayfield Street - 1st floor,No,No,No,"(-37.5484742, 143.7753156)",-37.5484742,143.7753156
,136 Bayfield Street - 1st floor,No,No,No,"(-37.5484742, 143.7753156)",-37.5484742,143.7753156
2022-06-28,171 Collier St,Yes,Yes,Yes,"(44.3911314, -79.6793665)",44.3911314,-79.6793665
2022-06-30,2 Kozlov St,Yes,Yes,Yes,"(44.4041543, -79.7063046)",44.4041543,-79.7063046
2022-07-12,101 Georgian drive ,Yes,Yes,No,"(44.41301525, -79.66572849566653)",44.41301525,-79.66572849566653
2022-07-14,380 Duckworth Rd,Yes,Yes,No,"(30.939846441049628, -83.5641728293144)",30.939846441049628,-83.5641728293144
2022-07-15,111 Dambrosio,Yes,Yes,Yes,"(-21.9344599, -46.4208076)",-21.9344599,-46.4208076
2022-08-08,100 little ave,Yes,Yes,Yes,"(43.9104968, -78.6946402)",43.9104968,-78.6946402
2022-08-31,90 Little,Yes,Yes,Yes,"(-25.0813889, 27.9286111)",-25.0813889,27.9286111
2022-09-28,75 Ellen,Yes,Yes,Yes,"(52.998965, 6.5403409)",52.998965,6.5403409
2022-11-17,181 Collier St,Yes,Yes,Yes,"(44.3912052, -79.6791068)",44.3912052,-79.6791068
2022-12-21,25 Meadow Lane,Yes,No,Yes,"(37.48052305, -122.21356259993783)",37.48052305,-122.21356259993783
,37 Johnson,Yes,Yes,Yes,"(31.0843570150499, -96.21440304076339)",31.0843570150499,-96.21440304076339
2023-02-08,380 Essa road ,Yes,No,Yes,"(44.3497328262699, -79.70153910547384)",44.3497328262699,-79.70153910547384
2023-02-08,380 Essa road ,No,No,No,"(44.3497328262699, -79.70153910547384)",44.3497328262699,-79.70153910547384
2023-02-21,76 Ardagh,Yes,No,Yes,"(43.657032, -79.48198337041336)",43.657032,-79.48198337041336
,15 Queen Street,No,No,Yes,"(51.5222708, -0.7199988)",51.5222708,-0.7199988
,15 Queen Street,No,No,No,"(51.5222708, -0.7199988)",51.5222708,-0.7199988
,140 &150 Dunlop st,Yes,Yes,Yes,"(53.2200965, -0.5396232)",53.2200965,-0.5396232
,140 &150 Dunlop st,No,No,No,"(53.2200965, -0.5396232)",53.2200965,-0.5396232
,363 Duckworth St,Yes,No,No,"(44.4090229, -79.6738097)",44.4090229,-79.6738097
2023-02-24,2 Toronto St. ,No,No,No,"(47.59296435, -52.71232871230938)",47.59296435,-52.71232871230938
,37 ellen,Yes,Yes,Yes,"(52.9989043, 6.5401158)",52.9989043,6.5401158
,33 Ellen,Yes,Yes,Yes,"(52.92790445, 10.756842040593645)",52.92790445,10.756842040593645
,186 Grove St.,Yes,No,Yes,"(42.06715815, -71.42554392898771)",42.06715815,-71.42554392898771
,186 Grove St.,No,No,No,"(42.06715815, -71.42554392898771)",42.06715815,-71.42554392898771
,9 Queen Street,Yes,No,Yes,"(55.8582052, -4.2527472)",55.8582052,-4.2527472
,9 Queen Street,No,No,No,"(55.8582052, -4.2527472)",55.8582052,-4.2527472
,95 Clapperton,Yes,No,Yes,"(44.39411031, -79.69118848000001)",44.39411031,-79.69118848000001
,101 Clapperton,Yes,No,Yes,"(44.3945445, -79.6915522)",44.3945445,-79.6915522
,101 Clapperton,No,No,No,"(44.3945445, -79.6915522)",44.3945445,-79.6915522
,681 Yonge st,Yes,Yes,Yes,"(44.74382911428572, -79.88995617142857)",44.74382911428572,-79.88995617142857
,681 Yonge st,No,No,No,"(44.74382911428572, -79.88995617142857)",44.74382911428572,-79.88995617142857
,131 Berczy St,Yes,No,Yes,"(44.396441915176716, -79.68587490122485)",44.396441915176716,-79.68587490122485
,131 Berczy St,No,No,No,"(44.396441915176716, -79.68587490122485)",44.396441915176716,-79.68587490122485
2023-03-23,359 duckworth ,Yes,No,No,"(44.408291659999996, -79.67393918)",44.408291659999996,-79.67393918
2023-03-23,359 duckworth ,No,No,No,"(44.408291659999996, -79.67393918)",44.408291659999996,-79.67393918
,155 Dunlop st w,Yes,Yes,Yes,"(44.3858466, -79.6975739)",44.3858466,-79.6975739
,155 Dunlop st w,No,No,No,"(44.3858466, -79.6975739)",44.3858466,-79.6975739
2023-03-28,174 grove st,Yes,No,Yes,"(42.1944446, -70.99123252620313)",42.1944446,-70.99123252620313
2023-03-28,174 grove st,No,No,No,"(42.1944446, -70.99123252620313)",42.1944446,-70.99123252620313
2023-05-18,100 dean Ave,Yes,Yes,Yes,"(42.085473199999996, -71.39392863280092)",42.085473199999996,-71.39392863280092
2023-05-18,100 dean Ave,No,No,No,"(42.085473199999996, -71.39392863280092)",42.085473199999996,-71.39392863280092
