DAUID,Fire_Incidents,Injuries_Rate_Per_Incident,Casualty_Rate_Per_Incident,Average_Response_Time,Property_Damage_Cost_Per_Incident,Population_Aged_65_Plus,Composite_Severity_Score,Severity_Category
35430639,7,0.0,0.0,9.0,0.0,,2,2: Moderate Severity
35430647,130,0.0,0.0,7.63,115.38,15.33,2,2: Moderate Severity
35430648,87,0.0,0.0,7.66,68.97,13.64,2,2: Moderate Severity
35430649,70,0.0,0.0,7.12,1157.14,16.9,1,1: Low Severity
35430650,10,0.0,0.0,7.4,0.0,21.36,1,1: Low Severity
35430651,103,0.0,0.0,6.92,0.0,15.49,1,1: Low Severity
35430652,103,0.0,0.0,6.97,97.09,21.18,1,1: Low Severity
35430653,179,0.0,0.0,6.67,709.5,17.44,1,1: Low Severity
35430654,89,0.0,0.0,7.53,0.0,17.24,2,2: Moderate Severity
35430655,155,0.0,0.0,7.31,387.1,13.46,1,1: Low Severity
35430656,199,0.0,0.0,6.84,77.89,20.0,1,1: Low Severity
35430657,133,0.0,0.0,6.77,45.11,16.91,1,1: Low Severity
35430658,46,0.0,0.0,7.76,1739.13,8.47,3,3: High Severity
35430659,56,0.0,0.0,7.7,0.0,20.0,2,2: Moderate Severity
35430660,78,0.0,0.0,8.57,0.0,15.91,2,2: Moderate Severity
35430661,82,0.0,0.0,7.27,609.76,20.83,1,1: Low Severity
35430662,78,0.0,0.0,7.14,0.0,13.54,1,1: Low Severity
35430663,85,0.0,0.0,6.7,588.24,5.17,1,1: Low Severity
35430664,1,0.0,0.0,7.0,0.0,13.27,1,1: Low Severity
35430665,172,0.0,0.0,5.86,6156.98,19.67,2,2: Moderate Severity
35430666,67,0.0,0.0,7.95,0.0,11.11,2,2: Moderate Severity
35430667,61,0.0,0.0,7.51,49.18,12.5,2,2: Moderate Severity
35430668,87,0.0,0.0,7.01,0.0,11.63,1,1: Low Severity
35430669,266,0.0,0.0,5.05,383.46,30.99,1,1: Low Severity
35430670,152,0.0,0.0,5.07,157.89,7.5,1,1: Low Severity
35430671,51,0.0,0.0,4.94,0.0,11.29,1,1: Low Severity
35430672,23,0.0,0.0,3.87,0.0,11.65,1,1: Low Severity
35430673,76,0.0,0.0,4.7,0.0,16.42,1,1: Low Severity
35430674,30,0.0,0.0,4.33,0.0,8.47,1,1: Low Severity
35430675,37,0.0,0.0,4.92,9459.46,12.5,2,2: Moderate Severity
35430676,64,0.0,0.0,5.35,0.0,13.11,1,1: Low Severity
35430677,68,0.0,0.0,4.32,4.41,20.0,1,1: Low Severity
35430678,116,0.0,0.0,5.0,3892.24,18.37,2,2: Moderate Severity
35430679,36,0.0,0.0,4.69,0.0,22.03,1,1: Low Severity
35430680,324,0.0,0.0,5.58,740.74,15.94,1,1: Low Severity
35430681,131,0.0,0.0,5.88,0.0,10.77,1,1: Low Severity
35430683,152,0.0,0.0,4.51,197.37,12.37,1,1: Low Severity
35430684,24,0.0,0.0,4.92,0.0,18.31,1,1: Low Severity
35430685,142,0.0,0.0,4.04,0.0,10.43,1,1: Low Severity
35430686,114,0.0,0.0,5.6,219.3,20.67,1,1: Low Severity
35430687,53,0.0,0.0,6.45,943.4,16.8,1,1: Low Severity
35430688,154,0.0,0.0,5.49,285.71,15.31,1,1: Low Severity
35430689,178,0.0,0.0,5.94,898.88,38.53,1,1: Low Severity
35430690,176,0.0,0.0,5.37,0.0,12.94,1,1: Low Severity
35430691,104,0.0,0.0,4.42,240.38,23.53,1,1: Low Severity
35430693,76,0.0,0.0,7.01,0.0,12.0,1,1: Low Severity
35430694,75,0.0,0.0,6.7,0.0,7.79,1,1: Low Severity
35430696,57,0.0,0.0,7.66,17.54,9.09,2,2: Moderate Severity
35430698,98,0.0,0.0,7.18,0.0,11.46,1,1: Low Severity
35430699,102,0.0,0.0,7.43,0.0,7.96,1,1: Low Severity
35430700,104,0.0,0.0,6.35,0.0,15.15,1,1: Low Severity
35430701,133,0.0,0.0,6.83,0.0,13.33,1,1: Low Severity
35430702,64,0.02,0.0,6.14,9390.62,8.14,2,2: Moderate Severity
35430703,28,0.0,0.0,6.96,0.0,8.96,1,1: Low Severity
35430704,73,0.0,0.0,6.79,273.97,5.41,1,1: Low Severity
35430705,20,0.0,0.0,5.9,0.0,8.64,1,1: Low Severity
35430706,88,0.0,0.0,6.02,0.0,10.09,1,1: Low Severity
35430707,95,0.0,0.0,6.87,168.42,18.97,1,1: Low Severity
35430708,117,0.01,0.0,6.66,85.47,11.63,1,1: Low Severity
35430709,84,0.0,0.0,6.79,1666.67,8.47,2,2: Moderate Severity
35430711,45,0.0,0.0,6.89,22.22,19.77,1,1: Low Severity
35430712,52,0.0,0.0,7.4,1519.23,6.9,2,2: Moderate Severity
35430713,64,0.0,0.0,7.08,0.0,8.05,1,1: Low Severity
35430714,133,0.0,0.0,7.03,18.8,6.73,1,1: Low Severity
35430715,55,0.0,0.0,7.05,0.0,,1,1: Low Severity
35430961,68,0.0,0.0,7.45,470.59,,2,2: Moderate Severity
35430988,184,0.0,0.0,7.05,10.87,11.78,1,1: Low Severity
35430989,200,0.0,0.0,6.44,3106.0,10.11,2,2: Moderate Severity
35430992,79,0.0,0.0,5.42,443.04,17.95,1,1: Low Severity
35430993,47,0.0,0.0,4.3,0.0,7.89,1,1: Low Severity
35430994,106,0.0,0.0,4.64,0.0,5.95,1,1: Low Severity
35430995,52,0.0,0.0,4.62,0.0,7.22,1,1: Low Severity
35430996,70,0.0,0.0,3.3,285.71,9.52,1,1: Low Severity
35430997,54,0.0,0.0,4.43,0.0,10.0,1,1: Low Severity
35430998,116,0.0,0.0,4.31,0.0,10.34,1,1: Low Severity
35430999,29,0.0,0.0,5.61,0.0,13.64,1,1: Low Severity
35431000,102,0.0,0.0,5.38,29.41,32.1,1,1: Low Severity
35431001,144,0.0,0.0,5.52,555.56,14.29,1,1: Low Severity
35431002,159,0.0,0.0,5.22,0.0,12.7,1,1: Low Severity
35431003,241,0.0,0.0,5.37,933.61,14.63,1,1: Low Severity
35431004,349,0.0,0.0,5.63,2.87,50.0,1,1: Low Severity
35431005,73,0.0,0.0,5.25,136.99,18.75,1,1: Low Severity
35431006,114,0.0,0.0,4.89,2390.35,19.18,2,2: Moderate Severity
35431007,93,0.0,0.0,5.59,0.0,21.52,1,1: Low Severity
35431008,60,0.0,0.0,6.77,0.0,24.32,1,1: Low Severity
35431009,222,0.0,0.0,6.67,0.0,21.11,1,1: Low Severity
35431010,242,0.0,0.0,6.41,0.0,18.29,1,1: Low Severity
35431011,96,0.0,0.0,6.3,0.0,18.57,1,1: Low Severity
35431012,199,0.0,0.0,6.86,0.0,23.44,1,1: Low Severity
35431013,127,0.0,0.0,6.32,0.0,25.0,1,1: Low Severity
35431014,576,0.0,0.0,5.5,503.47,19.18,2,2: Moderate Severity
35431015,179,0.0,0.0,5.63,167.6,18.33,1,1: Low Severity
35431016,211,0.01,0.0,4.99,689.57,15.87,1,1: Low Severity
35431017,190,0.0,0.0,4.32,134.21,16.05,1,1: Low Severity
35431018,205,0.0,0.0,4.67,185.37,54.55,1,1: Low Severity
35431019,877,0.0,0.0,5.2,7.18,59.42,2,2: Moderate Severity
35431020,406,0.0,0.0,4.3,716.75,17.33,2,2: Moderate Severity
35431021,396,0.0,0.0,7.28,191.92,12.09,2,2: Moderate Severity
35431022,420,0.0,0.0,4.69,1685.72,17.11,3,3: High Severity
35431023,177,0.0,0.0,4.34,350.28,29.29,1,1: Low Severity
35431024,211,0.0,0.0,5.7,47.39,12.05,1,1: Low Severity
35431025,357,0.0,0.0,4.84,142.86,40.49,1,1: Low Severity
35431026,66,0.0,0.0,5.52,606.06,25.35,1,1: Low Severity
35431027,74,0.0,0.0,5.34,0.0,42.27,1,1: Low Severity
35431028,249,0.0,0.0,5.64,4.02,22.58,1,1: Low Severity
35431029,46,0.0,0.0,6.35,5.43,16.67,1,1: Low Severity
35431030,66,0.0,0.0,6.32,75.76,20.24,1,1: Low Severity
35431031,51,0.0,0.0,6.2,4.9,15.79,1,1: Low Severity
35431032,74,0.0,0.0,5.44,0.0,27.78,1,1: Low Severity
35431033,86,0.0,0.0,6.09,255.81,16.39,1,1: Low Severity
35431034,34,0.0,0.0,6.03,382.35,63.0,1,1: Low Severity
35431035,206,0.0,0.0,6.91,1601.94,26.39,2,2: Moderate Severity
35431036,71,0.0,0.0,6.74,422.54,17.95,1,1: Low Severity
35431037,90,0.0,0.0,6.4,50.0,24.29,1,1: Low Severity
35431038,69,0.0,0.0,6.0,14.49,43.53,1,1: Low Severity
35431039,362,0.0,0.0,5.65,55.25,53.93,1,1: Low Severity
35431040,439,0.0,0.0,5.89,133.26,19.1,2,2: Moderate Severity
35431041,136,0.0,0.0,5.49,0.0,13.79,1,1: Low Severity
35431042,80,0.0,0.0,5.51,3125.0,11.32,2,2: Moderate Severity
35431043,378,0.0,0.0,5.59,154.76,15.87,1,1: Low Severity
35431044,281,0.0,0.0,9.77,551.6,21.37,2,2: Moderate Severity
35431045,217,0.0,0.0,5.26,841.01,16.67,1,1: Low Severity
35431046,120,0.0,0.0,4.89,5416.67,14.86,2,2: Moderate Severity
35431047,298,0.0,0.0,5.27,0.0,34.38,1,1: Low Severity
35431048,186,0.0,0.0,5.07,672.04,10.0,1,1: Low Severity
35431049,57,0.0,0.0,4.45,0.0,32.43,1,1: Low Severity
35431050,1194,0.0,0.0,4.11,420.44,19.72,2,2: Moderate Severity
35431051,410,0.0,0.0,4.51,614.63,18.57,2,2: Moderate Severity
35431052,493,0.0,0.0,3.99,306.29,44.63,2,2: Moderate Severity
35431053,587,0.0,0.0,4.34,729.13,13.89,2,2: Moderate Severity
35431054,617,0.0,0.0,6.03,4.05,38.19,2,2: Moderate Severity
35431055,189,0.0,0.0,3.54,1058.2,17.33,1,1: Low Severity
35431056,404,0.0,0.0,5.14,668.81,15.73,2,2: Moderate Severity
35431057,107,0.0,0.0,5.23,0.0,29.82,1,1: Low Severity
35431058,129,0.0,0.0,5.72,15.5,28.77,1,1: Low Severity
35431059,612,0.0,0.0,3.5,658.5,28.47,2,2: Moderate Severity
35431060,1151,0.0,0.0,3.88,43.44,42.48,2,2: Moderate Severity
35431061,404,0.0,0.0,4.28,993.81,41.76,2,2: Moderate Severity
35431062,175,0.0,0.0,5.25,0.0,52.13,1,1: Low Severity
35431063,201,0.0,0.0,5.18,2512.44,51.58,2,2: Moderate Severity
35431064,81,0.0,0.0,5.42,925.93,20.73,1,1: Low Severity
35431065,148,0.0,0.0,5.06,6.76,13.64,1,1: Low Severity
35431066,127,0.0,0.0,16.57,0.0,24.29,2,2: Moderate Severity
35431067,66,0.0,0.0,4.64,0.0,17.86,1,1: Low Severity
35431068,39,0.0,0.0,4.33,0.0,17.78,1,1: Low Severity
35431069,155,0.0,0.0,4.17,0.0,15.31,1,1: Low Severity
35431070,98,0.0,0.0,4.81,0.0,19.23,1,1: Low Severity
35431071,153,0.0,0.0,4.36,0.0,19.28,1,1: Low Severity
35431072,379,0.0,0.0,4.38,26.39,30.77,2,2: Moderate Severity
35431073,785,0.0,0.0,4.78,112.1,18.92,2,2: Moderate Severity
35431074,6,0.0,0.0,6.0,0.0,19.05,1,1: Low Severity
35431075,314,0.0,0.0,5.23,334.39,26.48,1,1: Low Severity
35431076,33,0.0,0.0,4.88,1818.18,18.18,2,2: Moderate Severity
35431077,57,0.0,0.0,5.44,0.0,12.5,1,1: Low Severity
35431078,59,0.0,0.0,5.9,0.0,11.11,1,1: Low Severity
35431079,101,0.0,0.0,5.75,0.0,10.59,1,1: Low Severity
35431080,12,0.0,0.0,4.25,20833.33,11.01,2,2: Moderate Severity
35431081,95,0.0,0.0,5.44,105.26,18.48,1,1: Low Severity
35431082,78,0.0,0.0,4.83,3205.13,24.66,2,2: Moderate Severity
35431083,104,0.0,0.0,5.4,581.73,15.87,1,1: Low Severity
35431084,64,0.0,0.0,5.0,31.25,12.68,1,1: Low Severity
35431085,156,0.0,0.0,4.56,275.64,13.89,1,1: Low Severity
35431086,47,0.0,0.0,5.15,0.0,19.48,1,1: Low Severity
35431087,399,0.0,0.0,5.51,12.53,21.69,2,2: Moderate Severity
35431089,125,0.0,0.0,5.76,8004.0,16.97,2,2: Moderate Severity
35431090,717,0.0,0.0,6.2,157.6,17.63,2,2: Moderate Severity
35431091,403,0.0,0.0,7.07,265.63,8.22,2,2: Moderate Severity
35431092,78,0.0,0.0,7.22,1282.05,11.84,1,1: Low Severity
35431099,51,0.0,0.0,7.1,0.0,17.28,1,1: Low Severity
35431101,250,0.0,0.0,6.93,0.0,36.08,1,1: Low Severity
35431102,99,0.0,0.0,7.44,3535.35,26.92,2,2: Moderate Severity
35431103,26,0.0,0.0,8.31,0.0,23.08,2,2: Moderate Severity
35431104,147,0.0,0.0,6.57,829.93,10.89,1,1: Low Severity
35431105,27,0.0,0.0,6.15,0.0,9.09,1,1: Low Severity
35431109,73,0.0,0.0,7.78,0.0,37.21,2,2: Moderate Severity
35431110,45,0.0,0.0,7.73,0.0,31.68,2,2: Moderate Severity
35431111,311,0.0,0.0,6.79,183.28,40.51,1,1: Low Severity
35431112,186,0.0,0.0,6.41,53.76,35.05,1,1: Low Severity
35431113,119,0.0,0.0,18.58,126.05,25.58,2,2: Moderate Severity
35431114,50,0.0,0.0,6.31,0.0,19.05,1,1: Low Severity
35431115,54,0.0,0.0,6.06,18.52,21.84,1,1: Low Severity
35431116,204,0.0,0.0,4.95,1117.65,15.22,1,1: Low Severity
35431117,40,0.0,0.0,5.64,0.0,44.71,1,1: Low Severity
35431118,171,0.01,0.0,5.4,877.19,13.83,1,1: Low Severity
35431119,201,0.0,0.0,7.47,4.98,18.24,2,2: Moderate Severity
35431120,261,0.0,0.0,6.79,0.0,22.94,1,1: Low Severity
35431121,63,0.0,0.0,6.89,9047.62,24.1,2,2: Moderate Severity
35431122,44,0.0,0.0,6.5,90.91,12.66,1,1: Low Severity
35431123,75,0.0,0.0,6.28,0.0,16.22,1,1: Low Severity
35431124,7,0.0,0.0,7.0,0.0,15.38,1,1: Low Severity
35431125,37,0.0,0.0,6.03,0.0,19.3,1,1: Low Severity
35431126,48,0.0,0.0,5.83,0.0,12.0,1,1: Low Severity
35431127,182,0.0,0.0,6.97,0.0,22.86,1,1: Low Severity
35431128,36,0.0,0.0,7.09,0.0,13.33,1,1: Low Severity
35431129,44,0.0,0.0,5.43,0.0,20.0,1,1: Low Severity
35431131,83,0.0,0.0,7.22,0.0,14.29,1,1: Low Severity
35431132,109,0.0,0.0,7.44,917.43,11.36,1,1: Low Severity
35431133,55,0.0,0.0,6.53,0.0,,1,1: Low Severity
35431135,323,0.0,0.0,5.81,3.1,12.18,1,1: Low Severity
35431136,56,0.0,0.0,5.57,0.0,9.86,1,1: Low Severity
35431137,20,0.0,0.0,5.85,0.0,10.34,1,1: Low Severity
35431139,114,0.0,0.0,4.88,0.0,18.31,1,1: Low Severity
35431140,59,0.0,0.0,5.0,847.46,15.79,1,1: Low Severity
35431141,31,0.0,0.0,5.65,0.0,22.39,1,1: Low Severity
35431309,200,0.0,0.0,6.21,0.0,87.3,1,1: Low Severity
35431310,108,0.0,0.0,7.23,4.63,33.33,1,1: Low Severity
35431311,342,0.0,0.0,6.1,76.03,26.58,1,1: Low Severity
35431312,80,0.0,0.0,7.23,0.0,17.83,1,1: Low Severity
35431313,63,0.0,0.0,5.4,0.0,18.97,1,1: Low Severity
35431314,421,0.0,0.0,6.01,0.0,70.71,2,2: Moderate Severity
35431315,90,0.0,0.0,5.65,0.0,17.81,1,1: Low Severity
35431316,101,0.0,0.0,6.24,0.0,10.94,1,1: Low Severity
35431317,83,0.0,0.0,5.95,0.0,16.92,1,1: Low Severity
35431318,52,0.0,0.0,6.31,500.0,13.89,1,1: Low Severity
35431319,77,0.0,0.0,7.04,12.99,13.64,1,1: Low Severity
35431320,16,0.0,0.0,6.5,0.0,20.0,1,1: Low Severity
35431321,894,0.0,0.0,5.01,319.91,18.34,2,2: Moderate Severity
35431322,24,0.0,0.0,5.08,0.0,10.99,1,1: Low Severity
35431323,108,0.0,0.0,5.83,0.0,21.88,1,1: Low Severity
35431324,1109,0.0,0.0,5.64,1689.85,31.0,3,3: High Severity
35431325,186,0.0,0.0,6.69,1370.97,21.43,2,2: Moderate Severity
35431338,46,0.0,0.0,5.66,0.0,23.64,1,1: Low Severity
35431339,70,0.0,0.0,5.61,28.57,8.25,1,1: Low Severity
35431340,74,0.0,0.0,6.92,13.51,15.69,1,1: Low Severity
35431342,66,0.0,0.0,6.02,15.15,10.87,1,1: Low Severity
35431346,169,0.0,0.0,5.65,0.0,13.38,1,1: Low Severity
35431347,233,0.0,0.0,6.83,1933.48,11.03,2,2: Moderate Severity
35431348,101,0.0,0.0,7.59,0.0,6.4,2,2: Moderate Severity
35431349,67,0.0,0.0,5.81,0.0,25.0,1,1: Low Severity
35431350,82,0.0,0.0,7.17,0.0,21.65,1,1: Low Severity
35431352,86,0.0,0.0,6.01,0.0,9.3,1,1: Low Severity
35431353,344,0.0,0.0,4.75,218.02,29.82,1,1: Low Severity
35431354,304,0.0,0.0,5.86,0.33,25.0,1,1: Low Severity
35431355,655,0.0,0.0,8.14,562.6,10.43,3,3: High Severity
35431364,627,0.0,0.0,6.08,485.25,6.43,2,2: Moderate Severity
35431365,31,0.0,0.0,7.35,0.0,13.95,1,1: Low Severity
35431366,146,0.0,0.0,7.08,3363.01,5.33,2,2: Moderate Severity
35431367,85,0.0,0.0,7.51,747.06,9.72,2,2: Moderate Severity
35431368,117,0.0,0.0,7.78,128.21,7.56,2,2: Moderate Severity
35431369,216,0.0,0.0,6.11,101.85,7.51,1,1: Low Severity
35431370,64,0.0,0.0,4.8,0.0,9.09,1,1: Low Severity
35431371,38,0.0,0.0,4.05,263.16,11.54,1,1: Low Severity
35431372,75,0.03,0.0,7.27,666.67,16.95,1,1: Low Severity
35431373,270,0.0,0.0,7.94,704.63,27.78,2,2: Moderate Severity
35431377,35,0.0,0.0,8.42,771.43,,2,2: Moderate Severity
35431380,327,0.0,0.0,144.99,1452.6,10.07,3,3: High Severity
